{
  "geh5_pct": 14.583333333333334,
  "mean_geh": 23.771335463050207,
  "rmse": 1190.0053279525919,
  "correlation": 0.5197724838666287,
  "mean_obs": 1716.25,
  "mean_asn": 1510.75,
  "ratio": 0.8802621995630008
}