{
  "geh5_pct": 7.6923076923076925,
  "mean_geh": 26.902692721306718,
  "rmse": 1196.6015513642262,
  "correlation": 0.6584989727024363,
  "mean_obs": 1721.3286713286714,
  "mean_asn": 811.4545454545455,
  "ratio": 0.47141174080845016
}