{
  "ext_N": {
    "name": "ext_N",
    "sector": "N",
    "centroid_lat": 51.079037,
    "centroid_lon": -114.069645,
    "production": 17730,
    "attraction": 17730,
    "total_aadt": 394000.0,
    "measured_boundary_aadt": 0.0,
    "estimate_method": "nearest_aadt",
    "boundary_edges": [
      "4818578#2",
      "-4818578#2",
      "25601866#3",
      "-25601866#3",
      "-24252779#1",
      "24252779#1",
      "25601824#2",
      "-25601824#2",
      "1338997380#1",
      "-1338997380#1",
      "4814371#21",
      "-4814371#21",
      "202223186#24",
      "-202223186#24",
      "-1530399743#5",
      "1530399743#5",
      "4814377#6",
      "-4814377#6",
      "472484093",
      "1344817451#2",
      "-1344817451#2",
      "32107592#1",
      "-32107592#1",
      "-472484093",
      "-141106322#53"
    ],
    "n_boundary_edges": 72
  },
  "ext_E": {
    "name": "ext_E",
    "sector": "E",
    "centroid_lat": 51.056063,
    "centroid_lon": -114.039987,
    "production": 3960,
    "attraction": 3960,
    "total_aadt": 88000.0,
    "measured_boundary_aadt": 88000.0,
    "estimate_method": "boundary_aadt",
    "boundary_edges": [
      "222970218#0",
      "-143323555#3",
      "-766734721#13",
      "766734721#13",
      "4841925#1",
      "143323555#3",
      "4822239#30",
      "-4822239#30",
      "248273317#18",
      "-248273317#18",
      "766734719#21",
      "-766734719#21",
      "-148781614#4",
      "148781614#4",
      "-1344817441#1",
      "1344817441#1",
      "-4860718#30",
      "196615692#0",
      "-196615692#0",
      "4860718#30",
      "-176278148#3",
      "-174936211#0",
      "174936211#0",
      "176278148#3",
      "-11902190#0"
    ],
    "n_boundary_edges": 44
  },
  "ext_S": {
    "name": "ext_S",
    "sector": "S",
    "centroid_lat": 51.031563,
    "centroid_lon": -114.068038,
    "production": 4500,
    "attraction": 4500,
    "total_aadt": 100000.0,
    "measured_boundary_aadt": 0.0,
    "estimate_method": "nearest_aadt",
    "boundary_edges": [
      "-248878770#3",
      "-196602550#1",
      "196602550#1",
      "248878770#3",
      "-4868445#4",
      "-237300054#6",
      "237300054#6",
      "4868445#4",
      "460876846#0",
      "196602588#0",
      "237300055#12",
      "-237300055#12",
      "-4830620#3",
      "4830620#3",
      "1347832367",
      "4868431#10",
      "-4868431#10",
      "149777637#0",
      "-149777637#0",
      "-24377930#2",
      "24377930#2",
      "402750660#1",
      "-4609252#2",
      "4609252#2",
      "196602581#1"
    ],
    "n_boundary_edges": 98
  },
  "ext_W": {
    "name": "ext_W",
    "sector": "W",
    "centroid_lat": 51.053776,
    "centroid_lon": -114.100029,
    "production": 1800,
    "attraction": 1800,
    "total_aadt": 40000.0,
    "measured_boundary_aadt": 40000.0,
    "estimate_method": "boundary_aadt",
    "boundary_edges": [
      "558320190#0",
      "23763383#4",
      "23763294#3",
      "-585324809#0",
      "585324809#0",
      "-171149690#0",
      "171149690#0",
      "4820663#0",
      "-4820663#0",
      "4820662#1",
      "-4820662#1",
      "467679282#1",
      "-467679282#1",
      "23647270#2",
      "-23647270#2",
      "4820573#0",
      "-4820573#0",
      "204880351#1",
      "32097773#4",
      "462896921#4",
      "23763294#0",
      "23763213#1",
      "1039236382",
      "-1347852066#5",
      "1347852066#5"
    ],
    "n_boundary_edges": 48
  }
}